pc_time_iso,esp_timestamp_us,pulse_count,rpm
2026-04-11T17:16:51.599964,1278925390,0,0.0
2026-04-11T17:16:51.793164,1279175399,0,0.0
2026-04-11T17:16:52.002948,1279375392,0,0.0
2026-04-11T17:16:52.198138,1279575390,0,0.0
2026-04-11T17:16:52.392413,1279775390,0,0.0
2026-04-11T17:16:52.603214,1279975390,0,0.0
2026-04-11T17:16:52.812585,1280175390,0,0.0
2026-04-11T17:16:53.052589,1280375390,13,15600.0
2026-04-11T17:16:53.232968,1280575390,8,9600.0
2026-04-11T17:16:53.412560,1280775390,8,9600.0
2026-04-11T17:16:53.653141,1280975390,11,13200.0
2026-04-11T17:16:53.832797,1281175390,13,15600.0
2026-04-11T17:16:54.018035,1281375390,16,19200.0
2026-04-11T17:16:54.254141,1281575390,20,24000.0
2026-04-11T17:16:54.437330,1281775390,24,28800.0
2026-04-11T17:16:54.673399,1281975390,31,37200.0
2026-04-11T17:16:54.852323,1282175390,44,52800.0
2026-04-11T17:16:55.032639,1282375390,54,64800.0
2026-04-11T17:16:55.277279,1282575390,63,75600.0
2026-04-11T17:16:55.455076,1282775390,72,86400.0
2026-04-11T17:16:55.634177,1282975390,74,88800.0
2026-04-11T17:16:55.874611,1283175392,76,91200.0
2026-04-11T17:16:56.052431,1283375390,74,88800.0
2026-04-11T17:16:56.292858,1283575390,73,87600.0
2026-04-11T17:16:56.472448,1283775390,76,91200.0
2026-04-11T17:16:56.652838,1284025397,76,91200.0
2026-04-11T17:16:56.892869,1284225390,73,87600.0
2026-04-11T17:16:57.073147,1284425390,69,82800.0
2026-04-11T17:16:57.252227,1284625390,64,76800.0
2026-04-11T17:16:57.504916,1284825390,60,72000.0
2026-04-11T17:16:57.674050,1285025390,62,74400.0
2026-04-11T17:16:57.911421,1285225390,67,80400.0
2026-04-11T17:16:58.092047,1285425390,68,81600.0
2026-04-11T17:16:58.273417,1285625390,69,82800.0
2026-04-11T17:16:58.511813,1285825390,72,86400.0
2026-04-11T17:16:58.692139,1286025390,75,90000.0
2026-04-11T17:16:58.873000,1286225390,82,98400.0
2026-04-11T17:16:59.112091,1286425390,86,103200.0
2026-04-11T17:16:59.292133,1286625390,88,105600.0
2026-04-11T17:16:59.544641,1286825390,88,105600.0
2026-04-11T17:16:59.712741,1287025390,84,100800.0
2026-04-11T17:16:59.898650,1287225390,80,96000.0
2026-04-11T17:17:00.137197,1287425390,77,92400.0
2026-04-11T17:17:00.317000,1287625390,74,88800.0
2026-04-11T17:17:00.495702,1287825390,70,84000.0
2026-04-11T17:17:00.733106,1288025390,67,80400.0
2026-04-11T17:17:00.912322,1288275394,67,80400.0
2026-04-11T17:17:01.152801,1288475390,67,80400.0
2026-04-11T17:17:01.332029,1288675390,68,81600.0
2026-04-11T17:17:01.512133,1288875390,67,80400.0
2026-04-11T17:17:01.758747,1289075390,65,78000.0
2026-04-11T17:17:01.932106,1289275390,60,72000.0
2026-04-11T17:17:02.115676,1289475390,61,73200.0
2026-04-11T17:17:02.356362,1289675390,65,78000.0
2026-04-11T17:17:02.538925,1289875390,73,87600.0
2026-04-11T17:17:02.772721,1290075390,81,97200.0
2026-04-11T17:17:03.011927,1290275390,87,104400.0
2026-04-11T17:17:03.132696,1290475390,88,105600.0
2026-04-11T17:17:03.432812,1290675390,87,104400.0
2026-04-11T17:17:03.552117,1290875390,89,106800.0
2026-04-11T17:17:03.911851,1291075390,100,120000.0
2026-04-11T17:17:03.972973,1291275390,100,120000.0
2026-04-11T17:17:04.152177,1291475390,95,114000.0
2026-04-11T17:17:04.333068,1291675390,89,106800.0
2026-04-11T17:17:04.632483,1291875390,84,100800.0
2026-04-11T17:17:04.752183,1292075390,82,98400.0
2026-04-11T17:17:04.992450,1292275390,83,99600.0
2026-04-11T17:17:05.173156,1292525394,86,103200.0
2026-04-11T17:17:05.353480,1292725390,85,102000.0
2026-04-11T17:17:05.592311,1292925390,91,109200.0
2026-04-11T17:17:05.771244,1293125390,95,114000.0
2026-04-11T17:17:05.952819,1293325390,101,121200.0
2026-04-11T17:17:06.192564,1293525390,104,124800.0
2026-04-11T17:17:06.372505,1293725390,104,124800.0
2026-04-11T17:17:06.614412,1293925390,106,127200.0
2026-04-11T17:17:06.792691,1294125390,106,127200.0
2026-04-11T17:17:06.972431,1294325390,106,127200.0
2026-04-11T17:17:07.212932,1294525390,107,128400.0
2026-04-11T17:17:07.392549,1294725390,109,130800.0
2026-04-11T17:17:07.633321,1294925390,106,127200.0
2026-04-11T17:17:07.812986,1295125390,104,124800.0
2026-04-11T17:17:07.992952,1295325390,104,124800.0
2026-04-11T17:17:08.232337,1295525390,103,123600.0
2026-04-11T17:17:08.412532,1295725390,104,124800.0
2026-04-11T17:17:08.591815,1295925390,101,121200.0
2026-04-11T17:17:08.831777,1296125390,94,112800.0
2026-04-11T17:17:09.013672,1296325390,87,104400.0
2026-04-11T17:17:09.194834,1296525390,82,98400.0
2026-04-11T17:17:09.432978,1296775392,77,92400.0
2026-04-11T17:17:09.614325,1296975390,70,84000.0
2026-04-11T17:17:09.852998,1297175390,66,79200.0
2026-04-11T17:17:10.038377,1297375390,63,75600.0
2026-04-11T17:17:10.211935,1297575390,55,66000.0
2026-04-11T17:17:10.452315,1297775390,47,56400.0
2026-04-11T17:17:10.632703,1297975390,42,50400.0
2026-04-11T17:17:10.813131,1298175390,42,50400.0
2026-04-11T17:17:11.053399,1298375392,40,48000.0
2026-04-11T17:17:11.232284,1298575390,38,45600.0
2026-04-11T17:17:11.473018,1298775390,38,45600.0
2026-04-11T17:17:11.654671,1298975390,36,43200.0
2026-04-11T17:17:11.833782,1299175390,36,43200.0
2026-04-11T17:17:12.074657,1299375390,33,39600.0
2026-04-11T17:17:12.362078,1299575390,33,39600.0
2026-04-11T17:17:12.439509,1299775390,35,42000.0
2026-04-11T17:17:12.672587,1299975390,33,39600.0
2026-04-11T17:17:12.853370,1300175390,33,39600.0
2026-04-11T17:17:13.095231,1300375390,39,46800.0
2026-04-11T17:17:13.273082,1300575390,35,42000.0
2026-04-11T17:17:13.452220,1300775390,33,39600.0
2026-04-11T17:17:13.692143,1300975390,29,34800.0
2026-04-11T17:17:13.872351,1301225393,26,31200.0
2026-04-11T17:17:14.112509,1301425390,25,30000.0
2026-04-11T17:17:14.293104,1301625390,25,30000.0
2026-04-11T17:17:14.472517,1301825390,33,39600.0
2026-04-11T17:17:14.652520,1302025390,41,49200.0
2026-04-11T17:17:14.891510,1302225390,47,56400.0
2026-04-11T17:17:15.073501,1302425390,53,63600.0
2026-04-11T17:17:15.311601,1302625390,59,70800.0
2026-04-11T17:17:15.492159,1302825390,64,76800.0
2026-04-11T17:17:15.672367,1303025390,70,84000.0
2026-04-11T17:17:15.912545,1303225390,73,87600.0
2026-04-11T17:17:16.093773,1303425390,73,87600.0
2026-04-11T17:17:16.272829,1303625390,76,91200.0
2026-04-11T17:17:16.512156,1303825390,81,97200.0
2026-04-11T17:17:16.692209,1304025390,85,102000.0
2026-04-11T17:17:16.933315,1304225390,88,105600.0
2026-04-11T17:17:17.112334,1304425390,93,111600.0
2026-04-11T17:17:17.293017,1304625390,97,116400.0
2026-04-11T17:17:17.532137,1304825390,96,115200.0
2026-04-11T17:17:17.712140,1305025390,98,117600.0
2026-04-11T17:17:17.894558,1305225390,99,118800.0
2026-04-11T17:17:18.138284,1305425390,103,123600.0
2026-04-11T17:17:18.336047,1305675393,116,139200.0
2026-04-11T17:17:18.553965,1305875390,122,146400.0
2026-04-11T17:17:18.734537,1306075390,135,162000.0
2026-04-11T17:17:18.916608,1306275390,137,164400.0
2026-04-11T17:17:19.213831,1306475390,138,165600.0
2026-04-11T17:17:19.333827,1306675390,139,166800.0
2026-04-11T17:17:19.514525,1306875390,130,156000.0
2026-04-11T17:17:19.751814,1307075390,138,165600.0
2026-04-11T17:17:19.932617,1307275390,140,168000.0
2026-04-11T17:17:20.173536,1307475390,142,170400.0
2026-04-11T17:17:20.352103,1307675390,144,172800.0
2026-04-11T17:17:20.532726,1307875390,149,178800.0
2026-04-11T17:17:20.772405,1308075390,144,172800.0
2026-04-11T17:17:20.952418,1308275392,143,171600.0
2026-04-11T17:17:21.132756,1308475390,137,164400.0
2026-04-11T17:17:21.371638,1308675390,131,157200.0
2026-04-11T17:17:21.552025,1308875390,133,159600.0
2026-04-11T17:17:21.792214,1309075390,134,160800.0
2026-04-11T17:17:21.974864,1309275390,126,151200.0
2026-04-11T17:17:22.152691,1309475390,119,142800.0
2026-04-11T17:17:22.392217,1309675390,112,134400.0
2026-04-11T17:17:22.572052,1309925393,110,132000.0
2026-04-11T17:17:22.753851,1310125390,104,124800.0
2026-04-11T17:17:22.994044,1310325392,101,121200.0
2026-04-11T17:17:23.172428,1310525390,95,114000.0
2026-04-11T17:17:23.412612,1310725390,87,104400.0
2026-04-11T17:17:23.592951,1310925390,80,96000.0
2026-04-11T17:17:23.772963,1311125390,71,85200.0
2026-04-11T17:17:24.012378,1311325390,64,76800.0
2026-04-11T17:17:24.192449,1311525390,58,69600.0
2026-04-11T17:17:24.371741,1311725390,52,62400.0
2026-04-11T17:17:24.612160,1311925390,45,54000.0
2026-04-11T17:17:24.851915,1312125390,40,48000.0
2026-04-11T17:17:25.032224,1312325390,33,39600.0
2026-04-11T17:17:25.211830,1312525390,28,33600.0
2026-04-11T17:17:25.391651,1312725390,26,31200.0
2026-04-11T17:17:25.632051,1312925390,26,31200.0
2026-04-11T17:17:25.812310,1313125390,23,27600.0
2026-04-11T17:17:25.991844,1313325390,25,30000.0
2026-04-11T17:17:26.233221,1313525390,26,31200.0
2026-04-11T17:17:26.411979,1313725390,27,32400.0
2026-04-11T17:17:26.592621,1313925390,27,32400.0
2026-04-11T17:17:26.831332,1314175392,26,31200.0
2026-04-11T17:17:27.013689,1314375390,27,32400.0
2026-04-11T17:17:27.251760,1314575390,30,36000.0
2026-04-11T17:17:27.431840,1314775390,29,34800.0
2026-04-11T17:17:27.611681,1314975390,27,32400.0
2026-04-11T17:17:27.851859,1315175390,26,31200.0
2026-04-11T17:17:28.040934,1315375390,24,28800.0
2026-04-11T17:17:28.211956,1315575390,24,28800.0
2026-04-11T17:17:28.451138,1315775390,24,28800.0
2026-04-11T17:17:28.630858,1315975390,21,25200.0
2026-04-11T17:17:28.874492,1316175390,21,25200.0
2026-04-11T17:17:29.050776,1316375390,21,25200.0
2026-04-11T17:17:29.231940,1316575390,19,22800.0
2026-04-11T17:17:29.474239,1316775390,20,24000.0
2026-04-11T17:17:29.651905,1316975390,20,24000.0
2026-04-11T17:17:29.834291,1317175390,37,44400.0
2026-04-11T17:17:30.072078,1317375390,45,54000.0
2026-04-11T17:17:30.258231,1317575390,51,61200.0
2026-04-11T17:17:30.500299,1317775390,60,72000.0
2026-04-11T17:17:30.673021,1317975390,68,81600.0
2026-04-11T17:17:30.865015,1318175390,76,91200.0
2026-04-11T17:17:31.093231,1318425394,79,94800.0
2026-04-11T17:17:31.272745,1318625390,81,97200.0
2026-04-11T17:17:31.455642,1318825390,83,99600.0
2026-04-11T17:17:31.692176,1319025390,85,102000.0
2026-04-11T17:17:31.883835,1319225390,90,108000.0
2026-04-11T17:17:32.117875,1319425390,89,106800.0
2026-04-11T17:17:32.298543,1319625390,86,103200.0
2026-04-11T17:17:32.473021,1319825390,94,112800.0
2026-04-11T17:17:32.718709,1320025390,99,118800.0
2026-04-11T17:17:32.891872,1320225390,101,121200.0
2026-04-11T17:17:33.078143,1320425390,97,116400.0
2026-04-11T17:17:33.314048,1320625390,98,117600.0
2026-04-11T17:17:33.493130,1320825390,110,132000.0
2026-04-11T17:17:33.737907,1321025390,114,136800.0
2026-04-11T17:17:33.911834,1321225390,110,132000.0
2026-04-11T17:17:34.092593,1321425390,106,127200.0
2026-04-11T17:17:34.332266,1321625390,109,130800.0
2026-04-11T17:17:34.512449,1321825390,115,138000.0
2026-04-11T17:17:34.693211,1322025390,116,139200.0
2026-04-11T17:17:34.966369,1322225390,117,140400.0
2026-04-11T17:17:35.134496,1322475399,114,136800.0
2026-04-11T17:17:35.352993,1322675390,112,134400.0
2026-04-11T17:17:35.532003,1322875390,108,129600.0
2026-04-11T17:17:35.711626,1323075390,103,123600.0
2026-04-11T17:17:35.950974,1323275390,96,115200.0
2026-04-11T17:17:36.131723,1323475390,93,111600.0
2026-04-11T17:17:36.312432,1323675390,98,117600.0
2026-04-11T17:17:36.552866,1323875390,103,123600.0
2026-04-11T17:17:36.732908,1324075390,105,126000.0
2026-04-11T17:17:36.911946,1324275390,105,126000.0
2026-04-11T17:17:37.155007,1324475390,104,124800.0
2026-04-11T17:17:37.331339,1324675390,106,127200.0
2026-04-11T17:17:37.572482,1324875390,108,129600.0
2026-04-11T17:17:37.751557,1325075390,103,123600.0
2026-04-11T17:17:37.939914,1325275390,100,120000.0
2026-04-11T17:17:38.172918,1325475390,100,120000.0
2026-04-11T17:17:38.352003,1325675390,101,121200.0
2026-04-11T17:17:38.591191,1325875390,108,129600.0
2026-04-11T17:17:38.771708,1326075390,115,138000.0
2026-04-11T17:17:38.951893,1326275390,115,138000.0
2026-04-11T17:17:39.251435,1326525397,110,132000.0
2026-04-11T17:17:39.372246,1326725390,103,123600.0
2026-04-11T17:17:39.552827,1326925390,99,118800.0
2026-04-11T17:17:39.791987,1327125390,100,120000.0
2026-04-11T17:17:40.032871,1327325390,98,117600.0
2026-04-11T17:17:40.152681,1327525390,96,115200.0
2026-04-11T17:17:40.391717,1327725390,96,115200.0
2026-04-11T17:17:40.572155,1327925390,92,110400.0
2026-04-11T17:17:40.811794,1328125390,90,108000.0
2026-04-11T17:17:40.991923,1328325390,88,105600.0
2026-04-11T17:17:41.172091,1328525390,83,99600.0
2026-04-11T17:17:41.412632,1328725390,84,100800.0
2026-04-11T17:17:41.592005,1328925390,90,108000.0
2026-04-11T17:17:41.771892,1329125390,96,115200.0
2026-04-11T17:17:42.013741,1329325390,94,112800.0
2026-04-11T17:17:42.198532,1329525390,86,103200.0
2026-04-11T17:17:42.432713,1329725390,78,93600.0
2026-04-11T17:17:42.611543,1329925390,74,88800.0
2026-04-11T17:17:42.791624,1330125390,76,91200.0
2026-04-11T17:17:43.031346,1330325390,79,94800.0
2026-04-11T17:17:43.212381,1330525390,86,103200.0
2026-04-11T17:17:43.391700,1330775394,94,112800.0
2026-04-11T17:17:43.631794,1330975390,96,115200.0
2026-04-11T17:17:43.811809,1331175390,95,114000.0
2026-04-11T17:17:44.052367,1331375390,94,112800.0
2026-04-11T17:17:44.230919,1331575390,93,111600.0
2026-04-11T17:17:44.411122,1331775390,91,109200.0
2026-04-11T17:17:44.651617,1331975390,106,127200.0
2026-04-11T17:17:44.832087,1332175390,122,146400.0
2026-04-11T17:17:45.013037,1332375390,126,151200.0
2026-04-11T17:17:45.252091,1332575390,130,156000.0
2026-04-11T17:17:45.432771,1332775390,133,159600.0
2026-04-11T17:17:45.673064,1332975390,128,153600.0
2026-04-11T17:17:45.853181,1333175390,118,141600.0
2026-04-11T17:17:46.033351,1333375390,111,133200.0
2026-04-11T17:17:46.272352,1333575390,105,126000.0
2026-04-11T17:17:46.452025,1333775390,111,133200.0
2026-04-11T17:17:46.631474,1333975390,114,136800.0
2026-04-11T17:17:46.871385,1334175390,114,136800.0
2026-04-11T17:17:47.051905,1334375390,116,139200.0
2026-04-11T17:17:47.351348,1334575390,114,136800.0
2026-04-11T17:17:47.471017,1334775390,115,138000.0
2026-04-11T17:17:47.651570,1335025393,113,135600.0
2026-04-11T17:17:47.951644,1335225390,118,141600.0
2026-04-11T17:17:48.072051,1335425390,120,144000.0
2026-04-11T17:17:48.251424,1335625390,121,145200.0
2026-04-11T17:17:48.551800,1335825390,122,146400.0
2026-04-11T17:17:48.671269,1336025390,113,135600.0
2026-04-11T17:17:48.912497,1336225390,113,135600.0
2026-04-11T17:17:49.091805,1336425390,110,132000.0
2026-04-11T17:17:49.271642,1336625390,115,138000.0
2026-04-11T17:17:49.630370,1336825390,118,141600.0
2026-04-11T17:17:49.691229,1337025390,113,135600.0
2026-04-11T17:17:49.871434,1337225391,107,128400.0
2026-04-11T17:17:50.113245,1337425390,103,123600.0
2026-04-11T17:17:50.291869,1337625390,99,118800.0
2026-04-11T17:17:50.531712,1337825390,93,111600.0
2026-04-11T17:17:50.711546,1338025390,88,105600.0
2026-04-11T17:17:50.891432,1338225390,82,98400.0
2026-04-11T17:17:51.132812,1338425390,74,88800.0
2026-04-11T17:17:51.311551,1338625390,67,80400.0
2026-04-11T17:17:51.491761,1338825390,60,72000.0
2026-04-11T17:17:51.733251,1339025390,58,69600.0
2026-04-11T17:17:51.911422,1339275392,57,68400.0
2026-04-11T17:17:52.151167,1339475390,62,74400.0
2026-04-11T17:17:52.331713,1339675390,71,85200.0
2026-04-11T17:17:52.511492,1339875390,85,102000.0
2026-04-11T17:17:52.754406,1340075390,80,96000.0
2026-04-11T17:17:52.937391,1340275390,84,100800.0
2026-04-11T17:17:53.115413,1340475390,88,105600.0
2026-04-11T17:17:53.411029,1340675390,96,115200.0
2026-04-11T17:17:53.531010,1340875390,103,123600.0
2026-04-11T17:17:53.771075,1341075390,122,146400.0
2026-04-11T17:17:54.011906,1341275390,128,153600.0
2026-04-11T17:17:54.131230,1341475390,132,158400.0
2026-04-11T17:17:54.372884,1341675391,131,157200.0
2026-04-11T17:17:54.551387,1341875390,124,148800.0
2026-04-11T17:17:54.735739,1342075390,122,146400.0
2026-04-11T17:17:54.971305,1342275390,115,138000.0
2026-04-11T17:17:55.151136,1342475390,90,108000.0
2026-04-11T17:17:55.392062,1342675390,68,81600.0
2026-04-11T17:17:55.572454,1342875390,61,73200.0
2026-04-11T17:17:55.751844,1343075390,63,75600.0
2026-04-11T17:17:55.991671,1343275390,60,72000.0
2026-04-11T17:17:56.171993,1343525393,55,66000.0
2026-04-11T17:17:56.352344,1343725390,45,54000.0
2026-04-11T17:17:56.590946,1343925390,38,45600.0
2026-04-11T17:17:56.772332,1344125390,35,42000.0
2026-04-11T17:17:56.951598,1344325390,31,37200.0
2026-04-11T17:17:57.192715,1344525390,36,43200.0
2026-04-11T17:17:57.372451,1344725390,40,48000.0
2026-04-11T17:17:57.611874,1344925390,47,56400.0
2026-04-11T17:17:57.792021,1345125390,64,76800.0
2026-04-11T17:17:57.972636,1345325390,79,94800.0
2026-04-11T17:17:58.273343,1345525390,88,105600.0
2026-04-11T17:17:58.451990,1345725390,97,116400.0
2026-04-11T17:17:58.571403,1345925390,100,120000.0
2026-04-11T17:17:58.810840,1346125390,114,136800.0
2026-04-11T17:17:58.991329,1346325390,127,152400.0
2026-04-11T17:17:59.231455,1346525390,131,157200.0
2026-04-11T17:17:59.411318,1346725390,144,172800.0
2026-04-11T17:17:59.591349,1346925390,144,172800.0
2026-04-11T17:17:59.832729,1347125390,143,171600.0
2026-04-11T17:18:00.011761,1347325390,139,166800.0
2026-04-11T17:18:00.203688,1347525390,144,172800.0
2026-04-11T17:18:00.438824,1347775393,144,172800.0
2026-04-11T17:18:00.611737,1347975390,143,171600.0
2026-04-11T17:18:00.852223,1348175390,142,170400.0
2026-04-11T17:18:01.031732,1348375390,133,159600.0
2026-04-11T17:18:01.212038,1348575390,127,152400.0
2026-04-11T17:18:01.511220,1348775390,119,142800.0
2026-04-11T17:18:01.631629,1348975390,113,135600.0
2026-04-11T17:18:01.871469,1349175390,109,130800.0
2026-04-11T17:18:02.052656,1349375390,102,122400.0
2026-04-11T17:18:02.231970,1349575390,98,117600.0
2026-04-11T17:18:02.472039,1349775390,91,109200.0
2026-04-11T17:18:02.651889,1349975390,78,93600.0
2026-04-11T17:18:02.832459,1350175390,78,93600.0
2026-04-11T17:18:03.078548,1350375390,72,86400.0
2026-04-11T17:18:03.251267,1350575390,63,75600.0
2026-04-11T17:18:03.431150,1350775390,56,67200.0
2026-04-11T17:18:03.670910,1350975390,54,64800.0
2026-04-11T17:18:03.851909,1351175390,59,70800.0
2026-04-11T17:18:04.091649,1351375390,64,76800.0
2026-04-11T17:18:04.273428,1351575390,71,85200.0
2026-04-11T17:18:04.451665,1351775390,69,82800.0
2026-04-11T17:18:04.692787,1352025392,64,76800.0
2026-04-11T17:18:04.934361,1352225390,70,84000.0
2026-04-11T17:18:05.052512,1352425390,72,86400.0
2026-04-11T17:18:05.291388,1352625390,77,92400.0
2026-04-11T17:18:05.471256,1352825390,84,100800.0
2026-04-11T17:18:05.772008,1353025390,84,100800.0
2026-04-11T17:18:06.011057,1353225390,90,108000.0
2026-04-11T17:18:06.071909,1353425390,96,115200.0
2026-04-11T17:18:06.312384,1353625391,101,121200.0
2026-04-11T17:18:06.492499,1353825390,101,121200.0
2026-04-11T17:18:06.672035,1354025390,99,118800.0
2026-04-11T17:18:06.912158,1354225390,98,117600.0
2026-04-11T17:18:07.093096,1354425390,92,110400.0
2026-04-11T17:18:07.272348,1354625390,84,100800.0
2026-04-11T17:18:07.512256,1354825390,72,86400.0
2026-04-11T17:18:07.691990,1355025390,61,73200.0
2026-04-11T17:18:07.931221,1355225390,50,60000.0
2026-04-11T17:18:08.112073,1355425390,42,50400.0
2026-04-11T17:18:08.291381,1355625390,34,40800.0
2026-04-11T17:18:08.533025,1355825390,33,39600.0
2026-04-11T17:18:08.711917,1356025390,32,38400.0
2026-04-11T17:18:08.891397,1356275421,33,39600.0
2026-04-11T17:18:09.131643,1356475390,30,36000.0
2026-04-11T17:18:09.313693,1356675390,29,34800.0
2026-04-11T17:18:09.551388,1356875390,36,43200.0
2026-04-11T17:18:09.732024,1357075390,36,43200.0
2026-04-11T17:18:09.911780,1357275390,38,45600.0
2026-04-11T17:18:10.152394,1357475390,43,51600.0
2026-04-11T17:18:10.331088,1357675390,51,61200.0
2026-04-11T17:18:10.510829,1357875390,58,69600.0
2026-04-11T17:18:10.751655,1358075390,70,84000.0
2026-04-11T17:18:10.931914,1358275390,79,94800.0
2026-04-11T17:18:11.171947,1358475390,82,98400.0
2026-04-11T17:18:11.351513,1358675390,84,100800.0
2026-04-11T17:18:11.531386,1358875390,86,103200.0
2026-04-11T17:18:11.773711,1359075390,86,103200.0
2026-04-11T17:18:11.952775,1359275390,94,112800.0
2026-04-11T17:18:12.131821,1359475390,98,117600.0
2026-04-11T17:18:12.372480,1359675390,96,115200.0
2026-04-11T17:18:12.550653,1359875390,94,112800.0
2026-04-11T17:18:12.791570,1360075390,88,105600.0
2026-04-11T17:18:12.970883,1360275390,83,99600.0
2026-04-11T17:18:13.151161,1360525426,84,100800.0
2026-04-11T17:18:13.391377,1360725390,88,105600.0
2026-04-11T17:18:13.571003,1360925390,92,110400.0
2026-04-11T17:18:13.751764,1361125390,86,103200.0
2026-04-11T17:18:13.991218,1361325390,84,100800.0
2026-04-11T17:18:14.186131,1361525390,87,104400.0
2026-04-11T17:18:14.411405,1361725390,94,112800.0
2026-04-11T17:18:14.591496,1361925390,98,117600.0
2026-04-11T17:18:14.771563,1362125390,97,116400.0
2026-04-11T17:18:15.014163,1362325390,96,115200.0
2026-04-11T17:18:15.191357,1362525390,99,118800.0
2026-04-11T17:18:15.372410,1362725390,103,123600.0
2026-04-11T17:18:15.611143,1362925390,106,127200.0
2026-04-11T17:18:15.791544,1363125390,101,121200.0
2026-04-11T17:18:16.032849,1363325390,93,111600.0
2026-04-11T17:18:16.224192,1363525390,94,112800.0
2026-04-11T17:18:16.391330,1363725390,97,116400.0
2026-04-11T17:18:16.631754,1363925390,99,118800.0
2026-04-11T17:18:16.811913,1364125390,101,121200.0
2026-04-11T17:18:16.991948,1364325390,99,118800.0
2026-04-11T17:18:17.231200,1364525390,104,124800.0
2026-04-11T17:18:17.411545,1364775470,105,126000.0
2026-04-11T17:18:17.650949,1364975390,108,129600.0
2026-04-11T17:18:17.830692,1365175390,106,127200.0
2026-04-11T17:18:18.012503,1365375390,100,120000.0
2026-04-11T17:18:18.252424,1365575390,96,115200.0
2026-04-11T17:18:18.433126,1365775390,102,122400.0
2026-04-11T17:18:18.611820,1365975390,108,129600.0
2026-04-11T17:18:18.850462,1366175390,110,132000.0
2026-04-11T17:18:19.032026,1366375390,108,129600.0
2026-04-11T17:18:19.211185,1366575390,107,128400.0
2026-04-11T17:18:19.450999,1366775390,106,127200.0
2026-04-11T17:18:19.630750,1366975390,108,129600.0
2026-04-11T17:18:19.872022,1367175390,110,132000.0
2026-04-11T17:18:20.051265,1367375390,114,136800.0
2026-04-11T17:18:20.231106,1367575390,113,135600.0
2026-04-11T17:18:20.471141,1367775390,108,129600.0
2026-04-11T17:18:20.650553,1367975390,117,140400.0
2026-04-11T17:18:20.830677,1368175390,122,146400.0
2026-04-11T17:18:21.078164,1368375390,125,150000.0
2026-04-11T17:18:21.250872,1368575390,131,157200.0
2026-04-11T17:18:21.491124,1368775390,132,158400.0
2026-04-11T17:18:21.671382,1369025464,133,159600.0
2026-04-11T17:18:21.852200,1369225390,133,159600.0
2026-04-11T17:18:22.095092,1369425390,136,163200.0
2026-04-11T17:18:22.270712,1369625390,140,168000.0
2026-04-11T17:18:22.450421,1369825390,137,164400.0
2026-04-11T17:18:22.693950,1370025390,141,169200.0
2026-04-11T17:18:22.871472,1370225392,139,166800.0
2026-04-11T17:18:23.111086,1370425390,134,160800.0
2026-04-11T17:18:23.291204,1370625390,136,163200.0
2026-04-11T17:18:23.471413,1370825390,139,166800.0
2026-04-11T17:18:23.711942,1371025390,144,172800.0
2026-04-11T17:18:23.890755,1371225390,142,170400.0
2026-04-11T17:18:24.072293,1371425390,138,165600.0
2026-04-11T17:18:24.311235,1371625390,136,163200.0
2026-04-11T17:18:24.491595,1371825390,134,160800.0
2026-04-11T17:18:24.732181,1372025390,129,154800.0
2026-04-11T17:18:24.911563,1372225390,119,142800.0
2026-04-11T17:18:25.092337,1372425390,108,129600.0
2026-04-11T17:18:25.331630,1372625390,103,123600.0
2026-04-11T17:18:25.511651,1372825390,98,117600.0
2026-04-11T17:18:25.690492,1373075397,96,115200.0
2026-04-11T17:18:25.931850,1373275390,90,108000.0
2026-04-11T17:18:26.112444,1373475390,81,97200.0
2026-04-11T17:18:26.351407,1373675390,75,90000.0
2026-04-11T17:18:26.531766,1373875390,71,85200.0
2026-04-11T17:18:26.711545,1374075390,70,84000.0
2026-04-11T17:18:26.951328,1374275390,67,80400.0
2026-04-11T17:18:27.130962,1374475392,64,76800.0
2026-04-11T17:18:27.311406,1374675390,60,72000.0
2026-04-11T17:18:27.551128,1374875390,54,64800.0
2026-04-11T17:18:27.734606,1375075390,56,67200.0
2026-04-11T17:18:27.970375,1375275390,58,69600.0
2026-04-11T17:18:28.151421,1375475390,61,73200.0
2026-04-11T17:18:28.331454,1375675390,56,67200.0
2026-04-11T17:18:28.570427,1375875390,61,73200.0
2026-04-11T17:18:28.750567,1376075390,68,81600.0
2026-04-11T17:18:28.933503,1376275390,72,86400.0
2026-04-11T17:18:29.172159,1376475390,73,87600.0
2026-04-11T17:18:29.351739,1376675390,74,88800.0
2026-04-11T17:18:29.591121,1376875390,76,91200.0
2026-04-11T17:18:29.772275,1377125397,77,92400.0
2026-04-11T17:18:29.950820,1377325390,74,88800.0
2026-04-11T17:18:30.190663,1377525390,71,85200.0
2026-04-11T17:18:30.371556,1377725390,68,81600.0
2026-04-11T17:18:30.553098,1377925390,67,80400.0
2026-04-11T17:18:30.791473,1378125390,66,79200.0
2026-04-11T17:18:30.971893,1378325390,65,78000.0
2026-04-11T17:18:31.212212,1378525390,70,84000.0
2026-04-11T17:18:31.390633,1378725390,77,92400.0
2026-04-11T17:18:31.571229,1378925390,81,97200.0
2026-04-11T17:18:31.816480,1379125390,81,97200.0
2026-04-11T17:18:31.991037,1379325390,87,104400.0
2026-04-11T17:18:32.171205,1379525390,92,110400.0
2026-04-11T17:18:32.410550,1379725390,93,111600.0
2026-04-11T17:18:32.590823,1379925390,92,110400.0
2026-04-11T17:18:32.830736,1380125390,88,105600.0
2026-04-11T17:18:33.011627,1380325390,88,105600.0
2026-04-11T17:18:33.191437,1380525390,89,106800.0
2026-04-11T17:18:33.431028,1380725390,93,111600.0
2026-04-11T17:18:33.610811,1380925390,97,116400.0
2026-04-11T17:18:33.790987,1381125390,99,118800.0
2026-04-11T17:18:34.031072,1381375444,95,114000.0
2026-04-11T17:18:34.211205,1381575390,97,116400.0
2026-04-11T17:18:34.451196,1381775390,96,115200.0
2026-04-11T17:18:34.630520,1381975390,94,112800.0
2026-04-11T17:18:34.810966,1382175390,91,109200.0
2026-04-11T17:18:35.050900,1382375390,87,104400.0
2026-04-11T17:18:35.231506,1382575390,84,100800.0
2026-04-11T17:18:35.410919,1382775390,80,96000.0
2026-04-11T17:18:35.651079,1382975390,81,97200.0
2026-04-11T17:18:35.831956,1383175390,78,93600.0
2026-04-11T17:18:36.071587,1383375390,77,92400.0
2026-04-11T17:18:36.251768,1383575390,72,86400.0
2026-04-11T17:18:36.431896,1383775390,66,79200.0
2026-04-11T17:18:36.670782,1383975390,59,70800.0
2026-04-11T17:18:36.851209,1384175390,55,66000.0
2026-04-11T17:18:37.030807,1384375390,51,61200.0
2026-04-11T17:18:37.271548,1384575390,49,58800.0
2026-04-11T17:18:37.451281,1384775390,46,55200.0
2026-04-11T17:18:37.630197,1384975390,41,49200.0
2026-04-11T17:18:37.871729,1385175390,36,43200.0
2026-04-11T17:18:38.051531,1385375390,30,36000.0
2026-04-11T17:18:38.291578,1385625429,26,31200.0
2026-04-11T17:18:38.471245,1385825390,23,27600.0
2026-04-11T17:18:38.650832,1386025390,20,24000.0
2026-04-11T17:18:38.891558,1386225390,18,21600.0
2026-04-11T17:18:39.071738,1386425390,20,24000.0
2026-04-11T17:18:39.252209,1386625390,21,25200.0
2026-04-11T17:18:39.490901,1386825390,23,27600.0
2026-04-11T17:18:39.672060,1387025390,25,30000.0
2026-04-11T17:18:39.911930,1387225390,25,30000.0
2026-04-11T17:18:40.093073,1387425390,25,30000.0
2026-04-11T17:18:40.271848,1387625390,27,32400.0
2026-04-11T17:18:40.512896,1387825390,30,36000.0
2026-04-11T17:18:40.691429,1388025390,29,34800.0
2026-04-11T17:18:40.871106,1388225390,26,31200.0
2026-04-11T17:18:41.112240,1388425390,27,32400.0
2026-04-11T17:18:41.290841,1388625390,26,31200.0
2026-04-11T17:18:41.531889,1388825390,30,36000.0
2026-04-11T17:18:41.711086,1389025390,34,40800.0
2026-04-11T17:18:41.891113,1389225390,37,44400.0
2026-04-11T17:18:42.130916,1389425390,38,45600.0
2026-04-11T17:18:42.310609,1389625390,34,40800.0
2026-04-11T17:18:42.490593,1389825390,32,38400.0
2026-04-11T17:18:42.730953,1390075392,32,38400.0
2026-04-11T17:18:42.910427,1390275390,27,32400.0
2026-04-11T17:18:43.151218,1390475390,25,30000.0
2026-04-11T17:18:43.334174,1390675390,25,30000.0
2026-04-11T17:18:43.511048,1390875390,22,26400.0
2026-04-11T17:18:43.756506,1391075390,24,28800.0
2026-04-11T17:18:43.930073,1391275390,20,24000.0
2026-04-11T17:18:44.111903,1391475390,20,24000.0
2026-04-11T17:18:44.351196,1391675390,19,22800.0
2026-04-11T17:18:44.530290,1391875390,20,24000.0
2026-04-11T17:18:44.771250,1392075390,23,27600.0
2026-04-11T17:18:44.951518,1392275390,21,25200.0
2026-04-11T17:18:45.130636,1392475390,19,22800.0
2026-04-11T17:18:45.370126,1392675390,18,21600.0
2026-04-11T17:18:45.550596,1392875390,21,25200.0
2026-04-11T17:18:45.732563,1393075390,17,20400.0
2026-04-11T17:18:45.970953,1393275390,16,19200.0
2026-04-11T17:18:46.150335,1393475390,16,19200.0
2026-04-11T17:18:46.391481,1393675390,11,13200.0
2026-04-11T17:18:46.570394,1393875390,8,9600.0
2026-04-11T17:18:46.758076,1394075390,12,14400.0
2026-04-11T17:18:46.990652,1394325418,1,1200.0
2026-04-11T17:18:47.172124,1394525390,0,0.0
2026-04-11T17:18:47.411004,1394725390,3,3600.0
2026-04-11T17:18:47.650742,1394925390,59,70800.0
2026-04-11T17:18:47.770257,1395125390,0,0.0
2026-04-11T17:18:47.950681,1395325390,0,0.0
2026-04-11T17:18:48.191308,1395525390,0,0.0
2026-04-11T17:18:48.370733,1395725390,0,0.0
2026-04-11T17:18:48.610621,1395925390,0,0.0
2026-04-11T17:18:48.790626,1396125390,0,0.0
2026-04-11T17:18:48.970507,1396325390,0,0.0
2026-04-11T17:18:49.210935,1396525390,0,0.0
2026-04-11T17:18:49.391093,1396725390,0,0.0
2026-04-11T17:18:49.570569,1396925390,12,14400.0
2026-04-11T17:18:49.811827,1397125390,0,0.0
2026-04-11T17:18:49.990632,1397325390,1,1200.0
2026-04-11T17:18:50.170985,1397525390,0,0.0
2026-04-11T17:18:50.411577,1397725390,0,0.0
2026-04-11T17:18:50.591436,1397925390,0,0.0
2026-04-11T17:18:50.771905,1398125390,9,10800.0
2026-04-11T17:18:51.011864,1398325390,5,6000.0
2026-04-11T17:18:51.191160,1398525390,5,6000.0
2026-04-11T17:18:51.370308,1398725390,1,1200.0
2026-04-11T17:18:51.611281,1398925390,6,7200.0
2026-04-11T17:18:51.791781,1399125390,18,21600.0
2026-04-11T17:18:52.030795,1399325390,23,27600.0
2026-04-11T17:18:52.214432,1399525390,25,30000.0
2026-04-11T17:18:52.395273,1399725390,30,36000.0
2026-04-11T17:18:52.631574,1399925390,32,38400.0
2026-04-11T17:18:52.812357,1400125390,36,43200.0
2026-04-11T17:18:52.991748,1400375392,35,42000.0
2026-04-11T17:18:53.230727,1400575390,33,39600.0
2026-04-11T17:18:53.410840,1400775390,34,40800.0
2026-04-11T17:18:53.651490,1400975390,37,44400.0
2026-04-11T17:18:53.831232,1401175390,37,44400.0
2026-04-11T17:18:54.011180,1401375390,32,38400.0
2026-04-11T17:18:54.271075,1401575390,28,33600.0
2026-04-11T17:18:54.430951,1401775390,24,28800.0
2026-04-11T17:18:54.610247,1401975390,25,30000.0
2026-04-11T17:18:54.850856,1402175390,31,37200.0
2026-04-11T17:18:55.030461,1402375390,33,39600.0
2026-04-11T17:18:55.270462,1402575390,30,36000.0
2026-04-11T17:18:55.450708,1402775390,27,32400.0
2026-04-11T17:18:55.629947,1402975390,28,33600.0
2026-04-11T17:18:55.870517,1403175390,28,33600.0
2026-04-11T17:18:56.049921,1403375390,31,37200.0
2026-04-11T17:18:56.230870,1403575390,39,46800.0
2026-04-11T17:18:56.471118,1403775390,43,51600.0
2026-04-11T17:18:56.651043,1403975390,42,50400.0
2026-04-11T17:18:56.894053,1404175390,43,51600.0
2026-04-11T17:18:57.071112,1404375390,45,54000.0
2026-04-11T17:18:57.251004,1404625393,44,52800.0
2026-04-11T17:18:57.491532,1404825390,44,52800.0
2026-04-11T17:18:57.670267,1405025390,44,52800.0
2026-04-11T17:18:57.853155,1405225390,44,52800.0
2026-04-11T17:18:58.091533,1405425390,40,48000.0
2026-04-11T17:18:58.274008,1405625390,37,44400.0
2026-04-11T17:18:58.512694,1405825390,31,37200.0
2026-04-11T17:18:58.690855,1406025390,26,31200.0
2026-04-11T17:18:58.870359,1406225390,26,31200.0
2026-04-11T17:18:59.111114,1406425390,23,27600.0
2026-04-11T17:18:59.290840,1406625390,39,46800.0
2026-04-11T17:18:59.471720,1406825390,48,57600.0
2026-04-11T17:18:59.711410,1407025392,55,66000.0
2026-04-11T17:18:59.890534,1407225390,60,72000.0
2026-04-11T17:19:00.130601,1407425390,54,64800.0
2026-04-11T17:19:00.310516,1407625392,54,64800.0
2026-04-11T17:19:00.491464,1407825390,54,64800.0
2026-04-11T17:19:00.731131,1408025390,55,66000.0
2026-04-11T17:19:00.910829,1408225390,58,69600.0
2026-04-11T17:19:01.092445,1408425390,58,69600.0
2026-04-11T17:19:01.332130,1408625390,56,67200.0
2026-04-11T17:19:01.511584,1408875392,54,64800.0
2026-04-11T17:19:01.752626,1409075390,51,61200.0
2026-04-11T17:19:02.172735,1409275390,51,61200.0
2026-04-11T17:19:02.173424,1409475390,49,58800.0
2026-04-11T17:19:02.350652,1409675390,46,55200.0
2026-04-11T17:19:02.532086,1409875390,45,54000.0
2026-04-11T17:19:02.710564,1410075390,41,49200.0
2026-04-11T17:19:02.949663,1410275390,39,46800.0
2026-04-11T17:19:03.131045,1410475392,37,44400.0
2026-04-11T17:19:03.309919,1410675390,37,44400.0
2026-04-11T17:19:03.552812,1410875390,37,44400.0
2026-04-11T17:19:03.731039,1411075390,37,44400.0
2026-04-11T17:19:03.979028,1411275390,36,43200.0
2026-04-11T17:19:04.151266,1411475390,30,36000.0
2026-04-11T17:19:04.329732,1411675390,26,31200.0
2026-04-11T17:19:04.570467,1411875390,21,25200.0
2026-04-11T17:19:04.750303,1412075390,22,26400.0
2026-04-11T17:19:04.930885,1412275390,20,24000.0
2026-04-11T17:19:05.170735,1412475390,18,21600.0
2026-04-11T17:19:05.350520,1412675390,15,18000.0
2026-04-11T17:19:05.590071,1412875390,13,15600.0
2026-04-11T17:19:05.770706,1413125426,8,9600.0
2026-04-11T17:19:05.950278,1413325390,0,0.0
2026-04-11T17:19:06.190992,1413525390,5,6000.0
2026-04-11T17:19:06.374286,1413725390,9,10800.0
2026-04-11T17:19:06.550469,1413925390,10,12000.0
2026-04-11T17:19:06.790323,1414125390,9,10800.0
2026-04-11T17:19:06.970219,1414325390,1,1200.0
2026-04-11T17:19:07.211564,1414525390,0,0.0
2026-04-11T17:19:07.390226,1414725390,0,0.0
2026-04-11T17:19:07.569872,1414925390,0,0.0
2026-04-11T17:19:07.809978,1415125390,0,0.0
2026-04-11T17:19:07.990373,1415325390,5,6000.0
2026-04-11T17:19:08.171149,1415525390,8,9600.0
2026-04-11T17:19:08.413149,1415725390,9,10800.0
2026-04-11T17:19:08.589910,1415925390,4,4800.0
2026-04-11T17:19:08.775428,1416125390,0,0.0
2026-04-11T17:19:09.010146,1416325390,10,12000.0
2026-04-11T17:19:09.192623,1416525390,0,0.0
2026-04-11T17:19:09.371183,1416725390,0,0.0
2026-04-11T17:19:09.611549,1416925390,0,0.0
2026-04-11T17:19:09.793743,1417125390,0,0.0
2026-04-11T17:19:09.970014,1417325390,30,36000.0
2026-04-11T17:19:10.210669,1417525390,0,0.0
2026-04-11T17:19:10.391055,1417725390,0,0.0
2026-04-11T17:19:10.638974,1417925390,0,0.0
2026-04-11T17:19:10.813273,1418125390,0,0.0
2026-04-11T17:19:10.990106,1418325390,0,0.0
2026-04-11T17:19:11.230285,1418525390,6,7200.0
2026-04-11T17:19:11.410550,1418725390,0,0.0
2026-04-11T17:19:11.590581,1418925390,0,0.0
2026-04-11T17:19:11.830410,1419125390,0,0.0
2026-04-11T17:19:12.010538,1419325390,0,0.0
2026-04-11T17:19:12.251036,1419575397,0,0.0
2026-04-11T17:19:12.431462,1419775390,0,0.0
2026-04-11T17:19:12.612470,1419975390,0,0.0
2026-04-11T17:19:12.851144,1420175390,4,4800.0
2026-04-11T17:19:13.030888,1420375390,1,1200.0
2026-04-11T17:19:13.212351,1420575390,14,16800.0
2026-04-11T17:19:13.450679,1420775390,9,10800.0
2026-04-11T17:19:13.630168,1420975390,18,21600.0
2026-04-11T17:19:13.809880,1421175390,21,25200.0
2026-04-11T17:19:14.049991,1421375390,28,33600.0
2026-04-11T17:19:14.232441,1421575390,35,42000.0
2026-04-11T17:19:14.470752,1421775390,43,51600.0
2026-04-11T17:19:14.649802,1421975392,51,61200.0
2026-04-11T17:19:14.830054,1422175390,58,69600.0
2026-04-11T17:19:15.070905,1422375390,64,76800.0
2026-04-11T17:19:15.250908,1422575390,68,81600.0
2026-04-11T17:19:15.430580,1422775390,69,82800.0
2026-04-11T17:19:15.669854,1422975390,69,82800.0
2026-04-11T17:19:15.850023,1423175390,69,82800.0
2026-04-11T17:19:16.029703,1423375390,66,79200.0
2026-04-11T17:19:16.272450,1423575390,61,73200.0
2026-04-11T17:19:16.450195,1423775390,54,64800.0
2026-04-11T17:19:16.749704,1423975390,48,57600.0
2026-04-11T17:19:16.870226,1424225416,42,50400.0
2026-04-11T17:19:17.049826,1424425393,40,48000.0
2026-04-11T17:19:17.290593,1424625390,35,42000.0
2026-04-11T17:19:17.470131,1424825390,33,39600.0
2026-04-11T17:19:17.650461,1425025390,29,34800.0
2026-04-11T17:19:17.890465,1425225390,25,30000.0
2026-04-11T17:19:18.072885,1425425390,23,27600.0
2026-04-11T17:19:18.312060,1425625390,18,21600.0
2026-04-11T17:19:18.490848,1425825390,16,19200.0
2026-04-11T17:19:18.671456,1426025390,1,1200.0
2026-04-11T17:19:18.911760,1426225390,6,7200.0
2026-04-11T17:19:19.093040,1426425390,16,19200.0
2026-04-11T17:19:19.270085,1426625390,12,14400.0
2026-04-11T17:19:19.512424,1426825390,11,13200.0
2026-04-11T17:19:19.694699,1427025390,6,7200.0
2026-04-11T17:19:19.873698,1427225390,0,0.0
2026-04-11T17:19:20.113298,1427425390,0,0.0
2026-04-11T17:19:20.294846,1427625390,13,15600.0
2026-04-11T17:19:20.531145,1427825390,6,7200.0
2026-04-11T17:19:20.711109,1428025390,18,21600.0
2026-04-11T17:19:20.893345,1428225391,14,16800.0
2026-04-11T17:19:21.132511,1428425390,20,24000.0
2026-04-11T17:19:21.311381,1428625390,13,15600.0
2026-04-11T17:19:21.491618,1428825390,7,8400.0
2026-04-11T17:19:21.732026,1429025390,12,14400.0
2026-04-11T17:19:21.911572,1429275420,12,14400.0
2026-04-11T17:19:22.150263,1429475390,8,9600.0
2026-04-11T17:19:22.330334,1429675390,5,6000.0
2026-04-11T17:19:22.510497,1429875390,5,6000.0
2026-04-11T17:19:22.751120,1430075390,0,0.0
2026-04-11T17:19:22.929889,1430275390,7,8400.0
2026-04-11T17:19:23.111307,1430475390,1,1200.0
2026-04-11T17:19:23.351568,1430675390,10,12000.0
2026-04-11T17:19:23.531919,1430875390,7,8400.0
2026-04-11T17:19:23.714421,1431075390,5,6000.0
2026-04-11T17:19:23.950774,1431275390,12,14400.0
2026-04-11T17:19:24.130896,1431475390,6,7200.0
2026-04-11T17:19:24.371145,1431675390,0,0.0
2026-04-11T17:19:24.550511,1431875390,9,10800.0
2026-04-11T17:19:24.729770,1432075390,0,0.0
2026-04-11T17:19:24.969805,1432275390,59,70800.0
2026-04-11T17:19:25.150416,1432475390,0,0.0
2026-04-11T17:19:25.330785,1432675390,0,0.0
2026-04-11T17:19:25.570405,1432875390,9,10800.0
2026-04-11T17:19:25.751248,1433075390,0,0.0
2026-04-11T17:19:25.931620,1433275390,7,8400.0
2026-04-11T17:19:26.169652,1433475390,5,6000.0
2026-04-11T17:19:26.349926,1433675390,5,6000.0
2026-04-11T17:19:26.530372,1433875390,0,0.0
2026-04-11T17:19:26.775349,1434075390,0,0.0
2026-04-11T17:19:26.951603,1434275390,0,0.0
2026-04-11T17:19:27.190581,1434475390,0,0.0
2026-04-11T17:19:27.369450,1434675390,0,0.0
2026-04-11T17:19:27.549504,1434875390,0,0.0
2026-04-11T17:19:27.791644,1435075390,0,0.0
2026-04-11T17:19:28.030941,1435275390,0,0.0
2026-04-11T17:19:28.151236,1435525396,0,0.0
2026-04-11T17:19:28.390286,1435725392,0,0.0
2026-04-11T17:19:28.570159,1435925390,0,0.0
2026-04-11T17:19:28.750859,1436125390,0,0.0
2026-04-11T17:19:28.990362,1436325390,0,0.0
2026-04-11T17:19:29.170713,1436525390,0,0.0
2026-04-11T17:19:29.350234,1436725390,0,0.0
2026-04-11T17:19:29.649685,1436925390,0,0.0
2026-04-11T17:19:29.770468,1437125390,0,0.0
2026-04-11T17:19:30.010427,1437325390,0,0.0
2026-04-11T17:19:30.190583,1437525390,0,0.0
2026-04-11T17:19:30.370271,1437725390,0,0.0
2026-04-11T17:19:30.610484,1437925390,0,0.0
2026-04-11T17:19:30.790450,1438125390,0,0.0
2026-04-11T17:19:30.970622,1438325390,0,0.0
2026-04-11T17:19:31.211090,1438525390,0,0.0
2026-04-11T17:19:31.390107,1438725390,0,0.0
2026-04-11T17:19:31.570057,1438925390,0,0.0
2026-04-11T17:19:31.810585,1439125390,0,0.0
2026-04-11T17:19:31.990582,1439325390,0,0.0
2026-04-11T17:19:32.170557,1439525390,0,0.0
2026-04-11T17:19:32.410696,1439725390,0,0.0
2026-04-11T17:19:32.590178,1439925390,0,0.0
2026-04-11T17:19:32.830450,1440125390,0,0.0
2026-04-11T17:19:33.010817,1440325390,0,0.0
2026-04-11T17:19:33.190636,1440525391,0,0.0
2026-04-11T17:19:33.430098,1440725390,0,0.0
2026-04-11T17:19:33.610440,1440925390,0,0.0
2026-04-11T17:19:33.793405,1441125390,0,0.0
2026-04-11T17:19:34.031305,1441325390,0,0.0
2026-04-11T17:19:34.211523,1441525390,0,0.0
2026-04-11T17:19:34.391428,1441775399,0,0.0
2026-04-11T17:19:34.631347,1441975390,0,0.0
2026-04-11T17:19:34.809942,1442175390,0,0.0
2026-04-11T17:19:35.111062,1442375390,0,0.0
2026-04-11T17:19:35.290480,1442575390,0,0.0
2026-04-11T17:19:35.410304,1442775391,0,0.0
2026-04-11T17:19:35.650098,1442975390,0,0.0
2026-04-11T17:19:35.831325,1443175390,0,0.0
2026-04-11T17:19:36.010139,1443375390,0,0.0
2026-04-11T17:19:36.250883,1443575390,0,0.0
2026-04-11T17:19:36.430107,1443775390,0,0.0
2026-04-11T17:19:36.611068,1443975390,0,0.0
2026-04-11T17:19:36.850436,1444175390,0,0.0
2026-04-11T17:19:37.030527,1444375390,0,0.0
2026-04-11T17:19:37.213158,1444575390,0,0.0
2026-04-11T17:19:37.450637,1444775390,0,0.0
2026-04-11T17:19:37.631187,1444975390,0,0.0
2026-04-11T17:19:37.811449,1445175390,0,0.0
2026-04-11T17:19:38.050031,1445375390,0,0.0
2026-04-11T17:19:38.230139,1445575390,0,0.0
2026-04-11T17:19:38.471778,1445775390,0,0.0
2026-04-11T17:19:38.651470,1445975390,0,0.0
2026-04-11T17:19:38.831018,1446175390,8,9600.0
2026-04-11T17:19:39.070213,1446375390,5,6000.0
2026-04-11T17:19:39.310017,1446575390,8,9600.0
2026-04-11T17:19:39.430224,1446775390,12,14400.0
2026-04-11T17:19:39.673131,1446975390,14,16800.0
2026-04-11T17:19:39.850384,1447175390,15,18000.0
2026-04-11T17:19:40.030323,1447375390,15,18000.0
2026-04-11T17:19:40.270145,1447575390,13,15600.0
2026-04-11T17:19:40.450132,1447775390,13,15600.0
2026-04-11T17:19:40.690880,1448025392,12,14400.0
2026-04-11T17:19:40.870271,1448225390,15,18000.0
2026-04-11T17:19:41.050187,1448425390,14,16800.0
2026-04-11T17:19:41.290449,1448625390,14,16800.0
2026-04-11T17:19:41.470065,1448825390,15,18000.0
2026-04-11T17:19:41.650015,1449025390,12,14400.0
2026-04-11T17:19:41.891742,1449225390,14,16800.0
2026-04-11T17:19:42.070597,1449425390,14,16800.0
2026-04-11T17:19:42.311025,1449625390,12,14400.0
2026-04-11T17:19:42.490486,1449825390,13,15600.0
2026-04-11T17:19:42.671362,1450025390,11,13200.0
2026-04-11T17:19:42.910053,1450225390,8,9600.0
2026-04-11T17:19:43.090611,1450425390,9,10800.0
2026-04-11T17:19:43.270592,1450625390,8,9600.0
2026-04-11T17:19:43.509360,1450825390,0,0.0
2026-04-11T17:19:43.689725,1451025390,0,0.0
2026-04-11T17:19:43.870939,1451225390,0,0.0
2026-04-11T17:19:44.111261,1451425390,8,9600.0
2026-04-11T17:19:44.290566,1451625390,11,13200.0
2026-04-11T17:19:44.530154,1451825390,17,20400.0
2026-04-11T17:19:44.709758,1452025390,18,21600.0
2026-04-11T17:19:44.896179,1452225390,24,28800.0
2026-04-11T17:19:45.130785,1452425390,31,37200.0
2026-04-11T17:19:45.313091,1452625390,32,38400.0
2026-04-11T17:19:45.492106,1452875418,33,39600.0
2026-04-11T17:19:45.729997,1453075390,33,39600.0
2026-04-11T17:19:45.910729,1453275390,34,40800.0
2026-04-11T17:19:46.149788,1453475390,35,42000.0
2026-04-11T17:19:46.333371,1453675390,36,43200.0
2026-04-11T17:19:46.509952,1453875390,37,44400.0
2026-04-11T17:19:46.749705,1454075390,39,46800.0
2026-04-11T17:19:46.930585,1454275390,43,51600.0
2026-04-11T17:19:47.111096,1454475390,49,58800.0
2026-04-11T17:19:47.351958,1454675390,54,64800.0
2026-04-11T17:19:47.530837,1454875390,58,69600.0
2026-04-11T17:19:47.772298,1455075390,59,70800.0
2026-04-11T17:19:47.950174,1455275390,55,66000.0
2026-04-11T17:19:48.130534,1455475390,58,69600.0
2026-04-11T17:19:48.370068,1455675390,57,68400.0
2026-04-11T17:19:48.550635,1455875390,54,64800.0
2026-04-11T17:19:48.731441,1456075390,49,58800.0
2026-04-11T17:19:49.030144,1456275390,47,56400.0
2026-04-11T17:19:49.150871,1456475390,45,54000.0
2026-04-11T17:19:49.391862,1456675390,40,48000.0
2026-04-11T17:19:49.569390,1456875390,37,44400.0
2026-04-11T17:19:49.752729,1457125420,36,43200.0
2026-04-11T17:19:49.991617,1457325390,36,43200.0
2026-04-11T17:19:50.170134,1457525390,37,44400.0
2026-04-11T17:19:50.349441,1457725390,38,45600.0
2026-04-11T17:19:50.590258,1457925390,38,45600.0
2026-04-11T17:19:50.770825,1458125390,38,45600.0
2026-04-11T17:19:51.070744,1458325390,39,46800.0
2026-04-11T17:19:51.190286,1458525390,37,44400.0
2026-04-11T17:19:51.370359,1458725390,34,40800.0
2026-04-11T17:19:51.611032,1458925390,32,38400.0
2026-04-11T17:19:51.789763,1459125390,29,34800.0
2026-04-11T17:19:51.969394,1459325390,30,36000.0
2026-04-11T17:19:52.210500,1459525390,28,33600.0
2026-04-11T17:19:52.392176,1459725390,28,33600.0
2026-04-11T17:19:52.630891,1459925390,31,37200.0
2026-04-11T17:19:52.810338,1460125390,31,37200.0
2026-04-11T17:19:52.991643,1460325390,30,36000.0
2026-04-11T17:19:53.229633,1460525390,37,44400.0
2026-04-11T17:19:53.410553,1460725390,40,48000.0
2026-04-11T17:19:53.603250,1460925390,42,50400.0
2026-04-11T17:19:53.830084,1461125390,44,52800.0
2026-04-11T17:19:54.069904,1461375420,46,55200.0
2026-04-11T17:19:54.189583,1461575390,51,61200.0
2026-04-11T17:19:54.430389,1461775390,54,64800.0
2026-04-11T17:19:54.609621,1461975390,54,64800.0
2026-04-11T17:19:54.848802,1462175390,54,64800.0
2026-04-11T17:19:55.030008,1462375390,54,64800.0
2026-04-11T17:19:55.209802,1462575390,56,67200.0
2026-04-11T17:19:55.449767,1462775390,56,67200.0
2026-04-11T17:19:55.630392,1462975390,58,69600.0
2026-04-11T17:19:55.812123,1463175390,63,75600.0
2026-04-11T17:19:56.049320,1463375390,68,81600.0
2026-04-11T17:19:56.230081,1463575390,72,86400.0
2026-04-11T17:19:56.470844,1463775390,73,87600.0
2026-04-11T17:19:56.649252,1463975390,71,85200.0
2026-04-11T17:19:56.830690,1464175390,71,85200.0
2026-04-11T17:19:57.071765,1464375390,70,84000.0
2026-04-11T17:19:57.250362,1464575390,70,84000.0
2026-04-11T17:19:57.430500,1464775390,69,82800.0
2026-04-11T17:19:57.669537,1464975390,71,85200.0
2026-04-11T17:19:57.849377,1465175390,69,82800.0
2026-04-11T17:19:58.089971,1465375390,71,85200.0
2026-04-11T17:19:58.269193,1465625419,72,86400.0
2026-04-11T17:19:58.457521,1465825390,74,88800.0
2026-04-11T17:19:58.690051,1466025390,74,88800.0
2026-04-11T17:19:58.869860,1466225390,71,85200.0
2026-04-11T17:19:59.051505,1466425390,70,84000.0
2026-04-11T17:19:59.289188,1466625390,68,81600.0
2026-04-11T17:19:59.470163,1466825390,67,80400.0
2026-04-11T17:19:59.710686,1467025390,67,80400.0
2026-04-11T17:19:59.890069,1467225390,65,78000.0
2026-04-11T17:20:00.070719,1467425390,67,80400.0
2026-04-11T17:20:00.310200,1467625390,69,82800.0
2026-04-11T17:20:00.489212,1467825390,71,85200.0
2026-04-11T17:20:00.669750,1468025390,73,87600.0
2026-04-11T17:20:00.910443,1468225390,71,85200.0
2026-04-11T17:20:01.089526,1468425390,65,78000.0
2026-04-11T17:20:01.329673,1468625390,61,73200.0
2026-04-11T17:20:01.509059,1468825390,55,66000.0
2026-04-11T17:20:01.691452,1469025390,48,57600.0
2026-04-11T17:20:01.929975,1469225390,43,51600.0
2026-04-11T17:20:02.110716,1469425390,41,49200.0
2026-04-11T17:20:02.289127,1469625390,38,45600.0
2026-04-11T17:20:02.531122,1469875415,37,44400.0
2026-04-11T17:20:02.710152,1470075390,36,43200.0
2026-04-11T17:20:02.949420,1470275390,34,40800.0
2026-04-11T17:20:03.129863,1470475390,34,40800.0
2026-04-11T17:20:03.309831,1470675390,34,40800.0
2026-04-11T17:20:03.551642,1470875390,34,40800.0
2026-04-11T17:20:03.729548,1471075390,34,40800.0
2026-04-11T17:20:03.912259,1471275390,32,38400.0
2026-04-11T17:20:04.149532,1471475390,31,37200.0
2026-04-11T17:20:04.329695,1471675390,30,36000.0
2026-04-11T17:20:04.569181,1471875390,29,34800.0
2026-04-11T17:20:04.750214,1472075390,28,33600.0
2026-04-11T17:20:04.929315,1472275390,26,31200.0
2026-04-11T17:20:05.169231,1472475390,23,27600.0
2026-04-11T17:20:05.350716,1472675390,21,25200.0
2026-04-11T17:20:05.530071,1472875390,19,22800.0
2026-04-11T17:20:05.769365,1473075390,19,22800.0
2026-04-11T17:20:05.952800,1473275390,18,21600.0
2026-04-11T17:20:06.189361,1473475390,23,27600.0
2026-04-11T17:20:06.375582,1473675390,21,25200.0
2026-04-11T17:20:06.617317,1473875390,18,21600.0
2026-04-11T17:20:06.790295,1474125417,23,27600.0
2026-04-11T17:20:06.970315,1474325390,20,24000.0
2026-04-11T17:20:07.149981,1474525390,21,25200.0
2026-04-11T17:20:07.390074,1474725390,23,27600.0
2026-04-11T17:20:07.569545,1474925390,24,28800.0
2026-04-11T17:20:07.809633,1475125390,25,30000.0
2026-04-11T17:20:07.989359,1475325390,24,28800.0
2026-04-11T17:20:08.169029,1475525390,26,31200.0
2026-04-11T17:20:08.409498,1475725390,27,32400.0
2026-04-11T17:20:08.590290,1475925390,29,34800.0
2026-04-11T17:20:08.770191,1476125390,31,37200.0
2026-04-11T17:20:09.010396,1476325390,34,40800.0
2026-04-11T17:20:09.189503,1476525390,36,43200.0
2026-04-11T17:20:09.431034,1476725390,38,45600.0
2026-04-11T17:20:09.609918,1476925390,41,49200.0
2026-04-11T17:20:09.791074,1477125390,41,49200.0
2026-04-11T17:20:10.029126,1477325390,39,46800.0
2026-04-11T17:20:10.208952,1477525390,36,43200.0
2026-04-11T17:20:10.388967,1477725390,33,39600.0
2026-04-11T17:20:10.629472,1477925390,27,32400.0
2026-04-11T17:20:10.809763,1478175397,23,27600.0
2026-04-11T17:20:11.049128,1478375390,20,24000.0
2026-04-11T17:20:11.230358,1478575390,19,22800.0
2026-04-11T17:20:11.409506,1478775390,19,22800.0
2026-04-11T17:20:11.650066,1478975390,19,22800.0
2026-04-11T17:20:11.828742,1479175390,20,24000.0
2026-04-11T17:20:12.009366,1479375390,20,24000.0
2026-04-11T17:20:12.249653,1479575390,20,24000.0
2026-04-11T17:20:12.429504,1479775390,21,25200.0
2026-04-11T17:20:12.608530,1479975390,22,26400.0
2026-04-11T17:20:12.850868,1480175390,21,25200.0
2026-04-11T17:20:13.029842,1480375390,23,27600.0
2026-04-11T17:20:13.269096,1480575390,26,31200.0
2026-04-11T17:20:13.449434,1480775390,27,32400.0
2026-04-11T17:20:13.630337,1480975390,30,36000.0
2026-04-11T17:20:13.870065,1481175390,31,37200.0
2026-04-11T17:20:14.048653,1481375390,31,37200.0
2026-04-11T17:20:14.232184,1481575390,32,38400.0
2026-04-11T17:20:14.468992,1481775392,34,40800.0
2026-04-11T17:20:14.650837,1481975390,34,40800.0
2026-04-11T17:20:14.889108,1482175390,37,44400.0
2026-04-11T17:20:15.072521,1482425393,41,49200.0
2026-04-11T17:20:15.249697,1482625390,44,52800.0
2026-04-11T17:20:15.489364,1482825390,44,52800.0
2026-04-11T17:20:15.669603,1483025390,46,55200.0
2026-04-11T17:20:15.850728,1483225390,48,57600.0
2026-04-11T17:20:16.089107,1483425390,48,57600.0
2026-04-11T17:20:16.268677,1483625390,48,57600.0
2026-04-11T17:20:16.511099,1483825390,48,57600.0
2026-04-11T17:20:16.689619,1484025390,47,56400.0
2026-04-11T17:20:16.869375,1484225390,45,54000.0
2026-04-11T17:20:17.115286,1484425390,43,51600.0
2026-04-11T17:20:17.289987,1484625390,40,48000.0
2026-04-11T17:20:17.470387,1484825390,38,45600.0
2026-04-11T17:20:17.712002,1485025390,37,44400.0
2026-04-11T17:20:17.891642,1485225390,37,44400.0
2026-04-11T17:20:18.135760,1485425390,36,43200.0
2026-04-11T17:20:18.310666,1485625390,34,40800.0
2026-04-11T17:20:18.489079,1485825390,30,36000.0
2026-04-11T17:20:18.729808,1486025390,29,34800.0
2026-04-11T17:20:18.909000,1486225390,29,34800.0
2026-04-11T17:20:19.088797,1486425390,28,33600.0
2026-04-11T17:20:19.328862,1486675392,28,33600.0
2026-04-11T17:20:19.511437,1486875390,28,33600.0
2026-04-11T17:20:19.750305,1487075390,27,32400.0
2026-04-11T17:20:19.929814,1487275390,26,31200.0
2026-04-11T17:20:20.110128,1487475390,24,28800.0
2026-04-11T17:20:20.349379,1487675390,24,28800.0
2026-04-11T17:20:20.529215,1487875390,25,30000.0
2026-04-11T17:20:20.711198,1488075390,26,31200.0
2026-04-11T17:20:20.949060,1488275390,25,30000.0
2026-04-11T17:20:21.129567,1488475390,24,28800.0
2026-04-11T17:20:21.369604,1488675390,22,26400.0
2026-04-11T17:20:21.548912,1488875390,22,26400.0
2026-04-11T17:20:21.730766,1489075390,20,24000.0
2026-04-11T17:20:21.968891,1489275390,19,22800.0
2026-04-11T17:20:22.148587,1489475390,21,25200.0
2026-04-11T17:20:22.329060,1489675390,20,24000.0
2026-04-11T17:20:22.569886,1489875390,17,20400.0
2026-04-11T17:20:22.749740,1490075390,13,15600.0
2026-04-11T17:20:22.989109,1490275390,11,13200.0
2026-04-11T17:20:23.169316,1490475390,8,9600.0
2026-04-11T17:20:23.350843,1490675390,11,13200.0
2026-04-11T17:20:23.589269,1490925416,9,10800.0
2026-04-11T17:20:23.769260,1491125390,11,13200.0
2026-04-11T17:20:23.949481,1491325390,1,1200.0
2026-04-11T17:20:24.189629,1491525390,0,0.0
2026-04-11T17:20:24.369044,1491725390,11,13200.0
2026-04-11T17:20:24.554355,1491925390,7,8400.0
2026-04-11T17:20:24.790022,1492125390,1,1200.0
2026-04-11T17:20:24.969269,1492325390,7,8400.0
2026-04-11T17:20:25.233982,1492525390,10,12000.0
2026-04-11T17:20:25.390719,1492725390,11,13200.0
2026-04-11T17:20:25.570062,1492925390,9,10800.0
2026-04-11T17:20:25.809281,1493125390,8,9600.0
2026-04-11T17:20:25.988779,1493325390,6,7200.0
2026-04-11T17:20:26.169259,1493525390,8,9600.0
2026-04-11T17:20:26.410899,1493725390,11,13200.0
2026-04-11T17:20:26.591080,1493925390,11,13200.0
2026-04-11T17:20:26.768790,1494125390,5,6000.0
2026-04-11T17:20:27.010288,1494325390,0,0.0
2026-04-11T17:20:27.200357,1494525390,0,0.0
2026-04-11T17:20:27.429164,1494725390,0,0.0
2026-04-11T17:20:27.608896,1494925390,0,0.0
2026-04-11T17:20:27.792558,1495125390,0,0.0
2026-04-11T17:20:28.030271,1495325390,0,0.0
2026-04-11T17:20:28.210639,1495525390,0,0.0
2026-04-11T17:20:28.389529,1495725390,0,0.0
2026-04-11T17:20:28.629690,1495925390,10,12000.0
2026-04-11T17:20:28.809546,1496125390,0,0.0
2026-04-11T17:20:28.989925,1496325390,0,0.0
2026-04-11T17:20:29.229143,1496525390,0,0.0
2026-04-11T17:20:29.408958,1496775396,0,0.0
2026-04-11T17:20:29.589319,1496975393,0,0.0
2026-04-11T17:20:29.829407,1497175390,0,0.0
2026-04-11T17:20:30.009344,1497375390,0,0.0
2026-04-11T17:20:30.189434,1497575390,0,0.0
2026-04-11T17:20:30.429104,1497775390,0,0.0
2026-04-11T17:20:30.609139,1497975390,0,0.0
2026-04-11T17:20:30.849042,1498175390,0,0.0
2026-04-11T17:20:31.029142,1498375390,0,0.0
2026-04-11T17:20:31.209196,1498575390,0,0.0
2026-04-11T17:20:31.448745,1498775390,0,0.0
2026-04-11T17:20:31.628922,1498975390,0,0.0
2026-04-11T17:20:31.809005,1499175390,0,0.0
2026-04-11T17:20:32.048844,1499375390,0,0.0
2026-04-11T17:20:32.228936,1499575390,0,0.0
2026-04-11T17:20:32.409385,1499775390,0,0.0
2026-04-11T17:20:32.650084,1499975390,0,0.0
2026-04-11T17:20:32.828810,1500175390,0,0.0
2026-04-11T17:20:33.069379,1500375390,0,0.0
2026-04-11T17:20:33.258572,1500575390,0,0.0
2026-04-11T17:20:33.430413,1500775390,1,1200.0
2026-04-11T17:20:33.668974,1500975390,0,0.0
2026-04-11T17:20:33.849555,1501175390,1,1200.0
2026-04-11T17:20:34.029161,1501375390,4,4800.0
2026-04-11T17:20:34.269072,1501575390,4,4800.0
2026-04-11T17:20:34.448973,1501775390,9,10800.0
2026-04-11T17:20:34.629081,1501975390,15,18000.0
2026-04-11T17:20:34.872203,1502175390,14,16800.0
2026-04-11T17:20:35.048712,1502375390,11,13200.0
2026-04-11T17:20:35.289181,1502575390,16,19200.0
2026-04-11T17:20:35.469653,1502775390,18,21600.0
2026-04-11T17:20:35.649985,1502975390,15,18000.0
2026-04-11T17:20:35.889551,1503225393,18,21600.0
2026-04-11T17:20:36.069602,1503425390,18,21600.0
2026-04-11T17:20:36.249458,1503625390,19,22800.0
2026-04-11T17:20:36.489565,1503825390,21,25200.0
2026-04-11T17:20:36.668666,1504025390,19,22800.0
2026-04-11T17:20:36.849093,1504225390,23,27600.0
2026-04-11T17:20:37.089129,1504425390,24,28800.0
2026-04-11T17:20:37.268484,1504625390,25,30000.0
2026-04-11T17:20:37.509501,1504825390,24,28800.0
2026-04-11T17:20:37.690201,1505025390,26,31200.0
2026-04-11T17:20:37.932903,1505225390,26,31200.0
2026-04-11T17:20:38.109667,1505425390,26,31200.0
2026-04-11T17:20:38.289555,1505625390,32,38400.0
2026-04-11T17:20:38.469466,1505825390,43,51600.0
2026-04-11T17:20:38.710435,1506025390,43,51600.0
2026-04-11T17:20:38.890106,1506225390,42,50400.0
2026-04-11T17:20:39.129464,1506425390,43,51600.0
2026-04-11T17:20:39.308841,1506625390,44,52800.0
2026-04-11T17:20:39.488808,1506825390,48,57600.0
2026-04-11T17:20:39.729157,1507025390,55,66000.0
2026-04-11T17:20:39.909234,1507225390,61,73200.0
2026-04-11T17:20:40.090467,1507475426,66,79200.0
2026-04-11T17:20:40.329363,1507675390,73,87600.0
2026-04-11T17:20:40.510174,1507875390,77,92400.0
2026-04-11T17:20:40.749259,1508075390,85,102000.0
2026-04-11T17:20:40.929576,1508275390,87,104400.0
2026-04-11T17:20:41.109244,1508475390,86,103200.0
2026-04-11T17:20:41.349207,1508675390,88,105600.0
2026-04-11T17:20:41.529204,1508875390,90,108000.0
2026-04-11T17:20:41.709597,1509075390,93,111600.0
2026-04-11T17:20:41.949090,1509275390,95,114000.0
2026-04-11T17:20:42.129504,1509475390,96,115200.0
2026-04-11T17:20:42.369045,1509675390,95,114000.0
2026-04-11T17:20:42.549609,1509875390,93,111600.0
2026-04-11T17:20:42.728822,1510075390,91,109200.0
2026-04-11T17:20:42.969855,1510275390,88,105600.0
2026-04-11T17:20:43.148524,1510475390,86,103200.0
2026-04-11T17:20:43.328317,1510675390,82,98400.0
2026-04-11T17:20:43.568594,1510875390,76,91200.0
2026-04-11T17:20:43.748867,1511075390,70,84000.0
2026-04-11T17:20:43.989107,1511275390,63,75600.0
2026-04-11T17:20:44.168890,1511475390,57,68400.0
2026-04-11T17:20:44.348394,1511725422,51,61200.0
2026-04-11T17:20:44.588638,1511925390,47,56400.0
2026-04-11T17:20:44.769828,1512125390,44,52800.0
2026-04-11T17:20:44.949480,1512325390,40,48000.0
2026-04-11T17:20:45.189156,1512525390,37,44400.0
2026-04-11T17:20:45.429385,1512725390,33,39600.0
2026-04-11T17:20:45.608720,1512925390,30,36000.0
2026-04-11T17:20:45.848821,1513125390,28,33600.0
2026-04-11T17:20:45.970940,1513325390,26,31200.0
2026-04-11T17:20:46.208912,1513525390,27,32400.0
2026-04-11T17:20:46.388957,1513725390,29,34800.0
2026-04-11T17:20:46.569734,1513925390,31,37200.0
2026-04-11T17:20:46.808897,1514125390,30,36000.0
2026-04-11T17:20:46.988881,1514325390,30,36000.0
2026-04-11T17:20:47.229392,1514525390,29,34800.0
2026-04-11T17:20:47.408673,1514725390,27,32400.0
2026-04-11T17:20:47.590035,1514925390,28,33600.0
2026-04-11T17:20:47.829619,1515125390,26,31200.0
2026-04-11T17:20:48.008670,1515325390,25,30000.0
2026-04-11T17:20:48.189290,1515525390,23,27600.0
2026-04-11T17:20:48.429353,1515725390,20,24000.0
2026-04-11T17:20:48.682452,1515975418,16,19200.0
2026-04-11T17:20:48.791597,1516175390,21,25200.0
2026-04-11T17:20:49.029579,1516375390,21,25200.0
2026-04-11T17:20:49.268992,1516575390,21,25200.0
2026-04-11T17:20:49.449492,1516775390,22,26400.0
2026-04-11T17:20:49.630533,1516975390,21,25200.0
2026-04-11T17:20:49.809102,1517175390,18,21600.0
2026-04-11T17:20:50.051534,1517375390,22,26400.0
2026-04-11T17:20:50.247792,1517575390,20,24000.0
2026-04-11T17:20:50.410041,1517775390,18,21600.0
2026-04-11T17:20:50.648049,1517975390,18,21600.0
2026-04-11T17:20:50.829582,1518175390,16,19200.0
2026-04-11T17:20:51.069974,1518375390,15,18000.0
2026-04-11T17:20:51.251535,1518575390,11,13200.0
2026-04-11T17:20:51.428774,1518775390,8,9600.0
2026-04-11T17:20:51.669644,1518975390,1,1200.0
2026-04-11T17:20:51.849043,1519175390,30,36000.0
2026-04-11T17:20:52.032372,1519375390,0,0.0
2026-04-11T17:20:52.269041,1519575390,7,8400.0
2026-04-11T17:20:52.450142,1519775390,7,8400.0
2026-04-11T17:20:52.628384,1519975390,5,6000.0
2026-04-11T17:20:52.868065,1520175390,8,9600.0
2026-04-11T17:20:53.048217,1520375390,8,9600.0
2026-04-11T17:20:53.288013,1520625397,6,7200.0
2026-04-11T17:20:53.529535,1520825390,0,0.0
2026-04-11T17:20:53.648951,1521025390,0,0.0
2026-04-11T17:20:53.888215,1521225390,0,0.0
2026-04-11T17:20:54.069246,1521425390,0,0.0
2026-04-11T17:20:54.249049,1521625390,0,0.0
2026-04-11T17:20:54.488438,1521825390,0,0.0
2026-04-11T17:20:54.667986,1522025390,0,0.0
2026-04-11T17:20:54.849503,1522225390,0,0.0
2026-04-11T17:20:55.088967,1522425390,0,0.0
2026-04-11T17:20:55.268917,1522625390,0,0.0
2026-04-11T17:20:55.514372,1522825390,0,0.0
2026-04-11T17:20:55.689258,1523025390,18,21600.0
2026-04-11T17:20:55.868835,1523225390,8,9600.0
2026-04-11T17:20:56.110234,1523425390,7,8400.0
2026-04-11T17:20:56.293899,1523625390,6,7200.0
2026-04-11T17:20:56.469212,1523825390,0,0.0
2026-04-11T17:20:56.708858,1524025390,0,0.0
2026-04-11T17:20:56.888689,1524225390,6,7200.0
2026-04-11T17:20:57.068727,1524425390,8,9600.0
2026-04-11T17:20:57.309300,1524625390,8,9600.0
2026-04-11T17:20:57.489219,1524825390,8,9600.0
2026-04-11T17:20:57.730026,1525025390,10,12000.0
2026-04-11T17:20:57.909512,1525225390,12,14400.0
2026-04-11T17:20:58.090229,1525425390,12,14400.0
2026-04-11T17:20:58.328939,1525625390,12,14400.0
2026-04-11T17:20:58.508856,1525825390,17,20400.0
2026-04-11T17:20:58.689061,1526025390,15,18000.0
2026-04-11T17:20:58.928187,1526225390,15,18000.0
2026-04-11T17:20:59.109116,1526425390,17,20400.0
2026-04-11T17:20:59.349042,1526675415,15,18000.0
2026-04-11T17:20:59.528944,1526875390,18,21600.0
2026-04-11T17:20:59.722268,1527075390,20,24000.0
2026-04-11T17:20:59.949127,1527275390,21,25200.0
2026-04-11T17:21:00.130271,1527475390,21,25200.0
2026-04-11T17:21:00.309472,1527675390,23,27600.0
2026-04-11T17:21:00.549328,1527875390,25,30000.0
2026-04-11T17:21:00.728483,1528075390,27,32400.0
2026-04-11T17:21:00.915854,1528275390,29,34800.0
2026-04-11T17:21:01.148924,1528475390,32,38400.0
2026-04-11T17:21:01.328655,1528675390,34,40800.0
2026-04-11T17:21:01.568551,1528875390,37,44400.0
2026-04-11T17:21:01.748370,1529075390,41,49200.0
2026-04-11T17:21:01.929764,1529275390,46,55200.0
2026-04-11T17:21:02.168646,1529475390,49,58800.0
2026-04-11T17:21:02.348778,1529675390,55,66000.0
2026-04-11T17:21:02.530914,1529875390,59,70800.0
2026-04-11T17:21:02.769929,1530075390,60,72000.0
2026-04-11T17:21:02.948478,1530275390,61,73200.0
2026-04-11T17:21:03.188752,1530475390,61,73200.0
2026-04-11T17:21:03.368559,1530725397,59,70800.0
2026-04-11T17:21:03.549506,1530925390,58,69600.0
2026-04-11T17:21:03.789191,1531125390,58,69600.0
2026-04-11T17:21:03.968004,1531325390,57,68400.0
2026-04-11T17:21:04.149265,1531525390,58,69600.0
2026-04-11T17:21:04.388867,1531725390,58,69600.0
2026-04-11T17:21:04.568538,1531925390,56,67200.0
2026-04-11T17:21:04.808847,1532125390,56,67200.0
2026-04-11T17:21:04.989574,1532325390,59,70800.0
2026-04-11T17:21:05.173688,1532525390,60,72000.0
2026-04-11T17:21:05.409548,1532725390,62,74400.0
2026-04-11T17:21:05.589143,1532925390,61,73200.0
2026-04-11T17:21:05.768960,1533125390,58,69600.0
2026-04-11T17:21:06.010212,1533325390,58,69600.0
2026-04-11T17:21:06.188915,1533525390,60,72000.0
2026-04-11T17:21:06.428757,1533725390,61,73200.0
2026-04-11T17:21:06.608507,1533925390,60,72000.0
2026-04-11T17:21:06.788746,1534125390,57,68400.0
2026-04-11T17:21:07.029833,1534325390,57,68400.0
2026-04-11T17:21:07.208618,1534525390,57,68400.0
2026-04-11T17:21:07.388378,1534775397,57,68400.0
2026-04-11T17:21:07.633195,1534975390,55,66000.0
2026-04-11T17:21:07.808482,1535175390,52,62400.0
2026-04-11T17:21:08.049221,1535375390,51,61200.0
2026-04-11T17:21:08.230314,1535575390,52,62400.0
2026-04-11T17:21:08.408155,1535775390,51,61200.0
2026-04-11T17:21:08.649236,1535975390,48,57600.0
2026-04-11T17:21:08.828751,1536175390,49,58800.0
2026-04-11T17:21:09.008947,1536375390,50,60000.0
2026-04-11T17:21:09.248630,1536575390,50,60000.0
2026-04-11T17:21:09.430604,1536775390,53,63600.0
2026-04-11T17:21:09.669464,1536975390,54,64800.0
2026-04-11T17:21:09.848627,1537175390,54,64800.0
2026-04-11T17:21:10.028613,1537375390,55,66000.0
2026-04-11T17:21:10.268032,1537575390,57,68400.0
2026-04-11T17:21:10.448580,1537775390,58,69600.0
2026-04-11T17:21:10.628584,1537975390,55,66000.0
2026-04-11T17:21:10.868831,1538175390,55,66000.0
2026-04-11T17:21:11.055414,1538375390,55,66000.0
2026-04-11T17:21:11.231086,1538575390,56,67200.0
2026-04-11T17:21:11.469047,1538775390,56,67200.0
2026-04-11T17:21:11.649287,1538975390,53,63600.0
2026-04-11T17:21:11.889035,1539225424,50,60000.0
2026-04-11T17:21:12.068193,1539425390,48,57600.0
2026-04-11T17:21:12.248455,1539625390,48,57600.0
2026-04-11T17:21:12.488909,1539825390,50,60000.0
2026-04-11T17:21:12.668649,1540025390,50,60000.0
2026-04-11T17:21:12.848656,1540225390,48,57600.0
2026-04-11T17:21:13.089811,1540425390,48,57600.0
2026-04-11T17:21:13.268683,1540625390,48,57600.0
2026-04-11T17:21:13.508300,1540825390,45,54000.0
2026-04-11T17:21:13.688993,1541025390,42,50400.0
2026-04-11T17:21:13.868593,1541225390,41,49200.0
2026-04-11T17:21:14.108975,1541425390,40,48000.0
2026-04-11T17:21:14.288617,1541625390,39,46800.0
2026-04-11T17:21:14.468206,1541825390,42,50400.0
2026-04-11T17:21:14.708799,1542025390,36,43200.0
2026-04-11T17:21:14.888209,1542225390,33,39600.0
2026-04-11T17:21:15.128635,1542425390,28,33600.0
2026-04-11T17:21:15.308945,1542625390,28,33600.0
2026-04-11T17:21:15.489821,1542825390,29,34800.0
2026-04-11T17:21:15.728419,1543025390,27,32400.0
2026-04-11T17:21:15.907835,1543225390,23,27600.0
2026-04-11T17:21:16.088791,1543475416,23,27600.0
2026-04-11T17:21:16.329113,1543675390,25,30000.0
2026-04-11T17:21:16.508129,1543875390,25,30000.0
2026-04-11T17:21:16.748996,1544075390,25,30000.0
2026-04-11T17:21:16.928194,1544275390,24,28800.0
2026-04-11T17:21:17.109000,1544475390,23,27600.0
2026-04-11T17:21:17.348199,1544675390,24,28800.0
2026-04-11T17:21:17.528703,1544875390,24,28800.0
2026-04-11T17:21:17.708829,1545075390,23,27600.0
2026-04-11T17:21:17.948439,1545275390,23,27600.0
2026-04-11T17:21:18.128530,1545475390,24,28800.0
2026-04-11T17:21:18.434597,1545675390,24,28800.0
2026-04-11T17:21:18.548351,1545875390,21,25200.0
2026-04-11T17:21:18.728349,1546075390,19,22800.0
2026-04-11T17:21:18.968770,1546275390,21,25200.0
2026-04-11T17:21:19.149248,1546475390,18,21600.0
2026-04-11T17:21:19.329206,1546675390,17,20400.0
2026-04-11T17:21:19.567910,1546875390,15,18000.0
2026-04-11T17:21:19.750796,1547075390,11,13200.0
2026-04-11T17:21:19.998258,1547275390,12,14400.0
2026-04-11T17:21:20.168435,1547475390,13,15600.0
2026-04-11T17:21:20.348933,1547725421,13,15600.0
2026-04-11T17:21:20.588599,1547925390,15,18000.0
2026-04-11T17:21:20.768179,1548125390,11,13200.0
2026-04-11T17:21:20.949082,1548325390,4,4800.0
2026-04-11T17:21:21.189071,1548525390,8,9600.0
2026-04-11T17:21:21.386573,1548725390,5,6000.0
2026-04-11T17:21:21.608143,1548925390,14,16800.0
2026-04-11T17:21:21.788923,1549125390,1,1200.0
2026-04-11T17:21:21.968746,1549325390,1,1200.0
2026-04-11T17:21:22.208769,1549525390,7,8400.0
2026-04-11T17:21:22.392565,1549725390,7,8400.0
2026-04-11T17:21:22.568977,1549925390,0,0.0
2026-04-11T17:21:22.808470,1550125390,6,7200.0
2026-04-11T17:21:22.988421,1550325390,0,0.0
2026-04-11T17:21:23.169345,1550525390,8,9600.0
2026-04-11T17:21:23.408354,1550725390,1,1200.0
2026-04-11T17:21:23.588675,1550925390,0,0.0
2026-04-11T17:21:23.768490,1551125390,2,2400.0
2026-04-11T17:21:24.008054,1551325390,37,44400.0
2026-04-11T17:21:24.188344,1551525390,1,1200.0
2026-04-11T17:21:24.428631,1551725390,11,13200.0
2026-04-11T17:21:24.608527,1551925390,5,6000.0
2026-04-11T17:21:24.788512,1552125390,6,7200.0
2026-04-11T17:21:25.028337,1552325390,13,15600.0
2026-04-11T17:21:25.208020,1552525390,25,30000.0
2026-04-11T17:21:25.387767,1552725390,33,39600.0
2026-04-11T17:21:25.629694,1552925390,34,40800.0
2026-04-11T17:21:25.808392,1553175420,41,49200.0
2026-04-11T17:21:25.988180,1553375390,42,50400.0
2026-04-11T17:21:26.228124,1553575390,42,50400.0
2026-04-11T17:21:26.411913,1553775390,38,45600.0
2026-04-11T17:21:26.650806,1553975390,29,34800.0
2026-04-11T17:21:26.828311,1554175390,17,20400.0
2026-04-11T17:21:27.008760,1554375390,12,14400.0
2026-04-11T17:21:27.252347,1554575390,11,13200.0
2026-04-11T17:21:27.431665,1554775390,10,12000.0
2026-04-11T17:21:27.609921,1554975390,12,14400.0
2026-04-11T17:21:27.849292,1555175390,15,18000.0
2026-04-11T17:21:28.028818,1555375390,11,13200.0
2026-04-11T17:21:28.268685,1555575390,16,19200.0
2026-04-11T17:21:28.448108,1555775390,17,20400.0
2026-04-11T17:21:28.628815,1555975390,7,8400.0
2026-04-11T17:21:28.868471,1556175390,5,6000.0
2026-04-11T17:21:29.053484,1556375390,2,2400.0
2026-04-11T17:21:29.228316,1556575390,0,0.0
2026-04-11T17:21:29.468848,1556775390,1,1200.0
2026-04-11T17:21:29.648385,1556975390,0,0.0
2026-04-11T17:21:29.828906,1557175390,5,6000.0
2026-04-11T17:21:30.068446,1557375390,9,10800.0
2026-04-11T17:21:30.248380,1557575390,7,8400.0
2026-04-11T17:21:30.488340,1557775390,6,7200.0
2026-04-11T17:21:30.668502,1557975390,1,1200.0
2026-04-11T17:21:30.849763,1558225397,0,0.0
2026-04-11T17:21:31.090940,1558425391,0,0.0
2026-04-11T17:21:31.285195,1558625390,0,0.0
2026-04-11T17:21:31.449037,1558825390,0,0.0
2026-04-11T17:21:31.689011,1559025390,0,0.0
2026-04-11T17:21:31.868554,1559225390,9,10800.0
2026-04-11T17:21:32.050058,1559425390,0,0.0
2026-04-11T17:21:32.288969,1559625390,0,0.0
2026-04-11T17:21:32.468591,1559825390,0,0.0
2026-04-11T17:21:32.648664,1560025390,28,33600.0
2026-04-11T17:21:32.890206,1560225390,21,25200.0
2026-04-11T17:21:33.068338,1560425390,1,1200.0
2026-04-11T17:21:33.308276,1560625390,0,0.0
2026-04-11T17:21:33.488310,1560825390,0,0.0
2026-04-11T17:21:33.667646,1561025390,0,0.0
2026-04-11T17:21:33.908449,1561225390,0,0.0
2026-04-11T17:21:34.088957,1561425390,0,0.0
2026-04-11T17:21:34.279598,1561625390,0,0.0
2026-04-11T17:21:34.508686,1561825390,0,0.0
2026-04-11T17:21:34.688041,1562025390,0,0.0
2026-04-11T17:21:34.869865,1562225390,0,0.0
2026-04-11T17:21:35.108569,1562425390,0,0.0
2026-04-11T17:21:35.288026,1562625390,0,0.0
2026-04-11T17:21:35.528077,1562825390,0,0.0
2026-04-11T17:21:35.708644,1563025390,0,0.0
2026-04-11T17:21:35.888292,1563225390,0,0.0
2026-04-11T17:21:36.128455,1563425390,0,0.0
2026-04-11T17:21:36.308176,1563625390,0,0.0
2026-04-11T17:21:36.487520,1563825390,0,0.0
2026-04-11T17:21:36.729107,1564025390,0,0.0
2026-04-11T17:21:36.909233,1564225390,0,0.0
2026-04-11T17:21:37.089525,1564425390,0,0.0
2026-04-11T17:21:37.328115,1564625390,0,0.0
2026-04-11T17:21:37.507446,1564875396,0,0.0
2026-04-11T17:21:37.748491,1565075392,0,0.0
2026-04-11T17:21:37.927489,1565275390,0,0.0
2026-04-11T17:21:38.108281,1565475390,0,0.0
2026-04-11T17:21:38.348664,1565675390,0,0.0
2026-04-11T17:21:38.528846,1565875390,0,0.0
2026-04-11T17:21:38.707551,1566075390,0,0.0
2026-04-11T17:21:38.947913,1566275390,0,0.0
2026-04-11T17:21:39.128390,1566475390,0,0.0
2026-04-11T17:21:39.307678,1566675390,0,0.0
2026-04-11T17:21:39.547782,1566875390,0,0.0
2026-04-11T17:21:39.731027,1567075390,0,0.0
2026-04-11T17:21:39.908320,1567275390,0,0.0
2026-04-11T17:21:40.148307,1567475390,0,0.0
2026-04-11T17:21:40.328834,1567675390,0,0.0
2026-04-11T17:21:40.568745,1567875390,0,0.0
2026-04-11T17:21:40.748043,1568075390,0,0.0
2026-04-11T17:21:40.930162,1568275390,0,0.0
2026-04-11T17:21:41.168068,1568475390,0,0.0
2026-04-11T17:21:41.347597,1568675390,0,0.0
2026-04-11T17:21:41.529136,1568875390,0,0.0
2026-04-11T17:21:41.767556,1569075390,0,0.0
2026-04-11T17:21:41.947785,1569275390,0,0.0
2026-04-11T17:21:42.128295,1569475390,0,0.0
2026-04-11T17:21:42.371622,1569675390,0,0.0
2026-04-11T17:21:42.547712,1569875390,0,0.0
2026-04-11T17:21:42.731353,1570075390,0,0.0
2026-04-11T17:21:42.968736,1570275390,0,0.0
2026-04-11T17:21:43.148782,1570475390,0,0.0
2026-04-11T17:21:43.328351,1570675390,0,0.0
2026-04-11T17:21:43.569851,1570875390,0,0.0
2026-04-11T17:21:43.748179,1571125396,0,0.0
2026-04-11T17:21:43.989523,1571325390,0,0.0
2026-04-11T17:21:44.177900,1571525390,0,0.0
2026-04-11T17:21:44.350386,1571725390,0,0.0
2026-04-11T17:21:44.588156,1571925390,0,0.0
2026-04-11T17:21:44.768339,1572125390,0,0.0
2026-04-11T17:21:44.949264,1572325390,0,0.0
2026-04-11T17:21:45.193845,1572525390,0,0.0
2026-04-11T17:21:45.367829,1572725390,0,0.0
2026-04-11T17:21:45.548264,1572925390,0,0.0
2026-04-11T17:21:45.788354,1573125390,4,4800.0
2026-04-11T17:21:45.967923,1573325390,0,0.0
2026-04-11T17:21:46.208059,1573525390,4,4800.0
2026-04-11T17:21:46.388282,1573725390,0,0.0
2026-04-11T17:21:46.567419,1573925390,0,0.0
2026-04-11T17:21:46.808657,1574125390,0,0.0
2026-04-11T17:21:46.988182,1574325390,0,0.0
2026-04-11T17:21:47.167852,1574525390,9,10800.0
2026-04-11T17:21:47.411383,1574725390,0,0.0
2026-04-11T17:21:47.648466,1574925390,0,0.0
2026-04-11T17:21:47.770660,1575125390,1,1200.0
2026-04-11T17:21:48.009026,1575325390,8,9600.0
2026-04-11T17:21:48.188220,1575525390,7,8400.0
2026-04-11T17:21:48.367982,1575725390,4,4800.0
2026-04-11T17:21:48.608899,1575925390,0,0.0
2026-04-11T17:21:48.787658,1576125390,0,0.0
2026-04-11T17:21:49.028375,1576325390,0,0.0
2026-04-11T17:21:49.225075,1576525390,0,0.0
2026-04-11T17:21:49.387691,1576725390,27,32400.0
2026-04-11T17:21:49.628345,1576925390,0,0.0
2026-04-11T17:21:49.808602,1577125390,0,0.0
2026-04-11T17:21:49.988531,1577325390,0,0.0
2026-04-11T17:21:50.227566,1577525390,0,0.0
2026-04-11T17:21:50.409467,1577725390,0,0.0
2026-04-11T17:21:50.587239,1577975396,0,0.0
2026-04-11T17:21:50.828207,1578175393,4,4800.0
2026-04-11T17:21:51.007847,1578375390,5,6000.0
2026-04-11T17:21:51.188388,1578575390,0,0.0
2026-04-11T17:21:51.428004,1578775390,0,0.0
2026-04-11T17:21:51.608399,1578975390,0,0.0
2026-04-11T17:21:51.848030,1579175390,0,0.0
2026-04-11T17:21:52.028394,1579375390,0,0.0
2026-04-11T17:21:52.208089,1579575390,0,0.0
2026-04-11T17:21:52.448268,1579775390,6,7200.0
2026-04-11T17:21:52.627991,1579975390,9,10800.0
2026-04-11T17:21:52.807341,1580175391,9,10800.0
2026-04-11T17:21:53.048263,1580375390,6,7200.0
2026-04-11T17:21:53.232725,1580575390,9,10800.0
2026-04-11T17:21:53.407628,1580775390,7,8400.0
2026-04-11T17:21:53.648623,1580975390,7,8400.0
2026-04-11T17:21:53.828688,1581175390,8,9600.0
2026-04-11T17:21:54.068621,1581375390,12,14400.0
2026-04-11T17:21:54.309979,1581575390,0,0.0
2026-04-11T17:21:54.428355,1581775390,0,0.0
2026-04-11T17:21:54.667914,1581975390,0,0.0
2026-04-11T17:21:54.848379,1582175390,0,0.0
2026-04-11T17:21:55.028577,1582375390,0,0.0
2026-04-11T17:21:55.268054,1582575390,0,0.0
2026-04-11T17:21:55.447361,1582775390,0,0.0
2026-04-11T17:21:55.748165,1582975390,0,0.0
2026-04-11T17:21:55.868119,1583175390,19,22800.0
2026-04-11T17:21:56.049503,1583375391,0,0.0
2026-04-11T17:21:56.227758,1583575390,0,0.0
2026-04-11T17:21:56.528953,1583775390,0,0.0
2026-04-11T17:21:56.648004,1583975390,0,0.0
2026-04-11T17:21:56.889910,1584175390,0,0.0
2026-04-11T17:21:57.067889,1584375390,0,0.0
2026-04-11T17:21:57.248285,1584575390,0,0.0
2026-04-11T17:21:57.488114,1584775390,0,0.0
2026-04-11T17:21:57.668667,1585025396,0,0.0
2026-04-11T17:21:57.847696,1585225392,0,0.0
